Pipeline,Field,F1_Clean,F1_Corrupted,Degradation
OCR,Vendor,0.4906,0.4,0.09059999999999996
OCR,Date,0.7846,0.5636,0.22099999999999997
OCR,Total,0.6325,0.4466,0.18589999999999995
Donut-FT,Vendor,0.8235,0.6885,0.135
Donut-FT,Date,0.6261,0.537,0.08909999999999996
Donut-FT,Total,0.7786,0.6441,0.13449999999999995
